index	prediction
0	0
1	1
2	1
3	1
4	1
5	1
6	1
7	1
8	1
9	0
10	0
11	1
12	1
13	1
14	1
15	1
16	1
17	1
18	0
19	1
20	1
21	1
22	1
23	1
24	1
25	1
26	1
27	1
28	1
29	1
30	1
31	0
32	1
33	1
34	1
35	1
36	1
37	1
38	0
39	1
40	1
41	1
42	0
43	0
44	1
45	0
46	1
47	0
48	1
49	1
50	1
51	0
52	1
53	0
54	1
55	1
56	1
57	1
58	1
59	1
60	1
61	1
62	1
63	1
64	1
65	1
66	1
67	1
68	1
69	0
70	1
71	1
72	1
73	1
74	1
75	1
76	1
77	1
78	1
79	1
80	1
81	0
82	1
83	1
84	1
85	1
86	1
87	1
88	1
89	1
90	1
91	1
92	1
93	0
94	1
95	0
96	1
97	1
98	0
99	1
100	1
101	1
102	1
103	1
104	1
105	1
106	1
107	1
108	1
109	1
110	1
111	1
112	1
113	1
114	1
115	1
116	1
117	0
118	1
119	1
120	1
121	1
122	1
123	1
124	1
125	1
126	1
127	1
128	1
129	0
130	1
131	1
132	1
133	1
134	1
135	1
136	1
137	0
138	1
139	1
140	1
141	1
142	1
143	1
144	1
145	1
146	1
147	1
148	1
149	1
150	1
151	1
152	1
153	0
154	1
155	0
156	1
157	1
158	1
159	1
160	1
161	0
162	1
163	1
164	1
165	1
166	1
167	1
168	1
169	1
170	1
171	0
172	0
173	1
174	1
175	1
176	1
177	1
178	1
179	1
180	0
181	1
182	0
183	1
184	1
185	1
186	0
187	0
188	1
189	0
190	1
191	1
192	1
193	1
194	1
195	0
196	1
197	1
198	1
199	1
200	0
201	1
202	1
203	0
204	1
205	1
206	1
207	1
208	1
209	1
210	1
211	1
212	1
213	1
214	1
215	0
216	0
217	0
218	1
219	1
220	1
221	0
222	1
223	0
224	1
225	0
226	1
227	1
228	0
229	1
230	1
231	1
232	1
233	1
234	1
235	1
236	1
237	1
238	0
239	0
240	0
241	1
242	0
243	0
244	1
245	1
246	1
247	1
248	1
249	1
250	1
251	0
252	1
253	1
254	1
255	1
256	0
257	0
258	1
259	1
260	1
261	1
262	1
263	1
264	1
265	1
266	0
267	1
268	1
269	1
270	1
271	0
272	1
273	1
274	1
275	0
276	1
277	1
278	1
279	1
280	1
281	1
282	1
283	1
284	1
285	0
286	1
287	1
288	1
289	1
290	1
291	1
292	1
293	1
294	1
295	1
296	1
297	1
298	1
299	1
300	1
301	1
302	1
303	1
304	1
305	1
306	1
307	1
308	1
309	1
310	1
311	1
312	1
313	1
314	0
315	1
316	1
317	1
318	1
319	1
320	1
321	1
322	0
323	1
324	1
325	1
326	1
327	1
328	1
329	1
330	1
331	1
332	1
333	1
334	1
335	1
336	1
337	1
338	1
339	1
340	1
341	1
342	0
343	0
344	1
345	1
346	1
347	1
348	1
349	1
350	1
351	0
352	1
353	1
354	1
355	1
356	1
357	1
358	1
359	1
360	1
361	1
362	1
363	1
364	1
365	1
366	1
367	1
368	1
369	1
370	1
371	1
372	1
373	1
374	1
375	1
376	1
377	1
378	1
379	0
380	1
381	1
382	1
383	1
384	1
385	1
386	1
387	0
388	1
389	0
390	0
391	1
392	1
393	1
394	1
395	0
396	0
397	1
398	1
399	1
400	1
401	1
402	1
403	1
404	1
405	1
406	0
407	0
408	1
409	1
410	1
411	1
412	1
413	0
414	1
415	0
416	1
417	1
418	0
419	1
420	1
421	1
422	1
423	1
424	1
425	1
426	1
427	1
428	1
429	1
430	0
431	0
432	1
433	1
434	1
435	1
436	1
437	1
438	1
439	1
440	1
441	1
442	1
443	1
444	1
445	1
446	1
447	1
448	0
449	1
450	0
451	1
452	1
453	1
454	1
455	1
456	1
457	1
458	0
459	1
460	1
461	1
462	1
463	1
464	1
465	1
466	1
467	1
468	1
469	1
470	1
471	1
472	1
473	1
474	0
475	1
476	1
477	1
478	1
479	1
480	1
481	0
482	1
483	0
484	1
485	1
486	1
487	0
488	1
489	0
490	1
491	1
492	1
493	1
494	0
495	1
496	1
497	1
498	0
499	1
500	1
501	1
502	1
503	0
504	1
505	1
506	0
507	1
508	1
509	1
510	0
511	1
512	0
513	1
514	1
515	1
516	0
517	1
518	1
519	1
520	0
521	1
522	1
523	1
524	0
525	0
526	0
527	1
528	0
529	0
530	1
531	1
532	1
533	1
534	0
535	1
536	1
537	1
538	1
539	1
540	1
541	1
542	1
543	1
544	1
545	0
546	1
547	0
548	1
549	1
550	1
551	0
552	1
553	1
554	1
555	1
556	1
557	1
558	0
559	0
560	1
561	0
562	1
563	0
564	0
565	1
566	0
567	1
568	1
569	1
570	1
571	1
572	1
573	0
574	1
575	1
576	1
577	1
578	1
579	1
580	0
581	1
582	1
583	1
584	0
585	0
586	0
587	0
588	1
589	0
590	1
591	0
592	1
593	1
594	1
595	0
596	1
597	1
598	1
599	1
600	1
601	1
602	1
603	1
604	1
605	1
606	1
607	0
608	0
609	1
610	1
611	0
612	1
613	0
614	1
615	0
616	1
617	1
618	1
619	1
620	1
621	1
622	1
623	1
624	1
625	0
626	1
627	1
628	0
629	1
630	1
631	1
632	1
633	1
634	1
635	1
636	1
637	1
638	1
639	1
640	1
641	1
642	1
643	1
644	1
645	1
646	1
647	1
648	1
649	1
650	1
651	1
652	0
653	1
654	0
655	0
656	1
657	1
658	1
659	1
660	1
661	1
662	1
663	0
664	1
665	1
666	1
667	1
668	1
669	1
670	0
671	0
672	1
673	1
674	1
675	1
676	0
677	1
678	1
679	0
680	0
681	0
682	0
683	1
684	1
685	1
686	0
687	0
688	1
689	1
690	0
691	1
692	0
693	1
694	1
695	1
696	0
697	1
698	1
699	1
700	0
701	0
702	0
703	1
704	1
705	1
706	0
707	1
708	1
709	0
710	1
711	1
712	1
713	0
714	1
715	1
716	1
717	0
718	1
719	0
720	1
721	1
722	1
723	1
724	0
725	1
726	1
727	0
728	1
729	1
730	0
731	1
732	0
733	0
734	1
735	1
736	1
737	1
738	0
739	1
740	1
741	0
742	1
743	1
744	0
745	0
746	1
747	0
748	1
749	0
750	1
751	1
752	0
753	1
754	1
755	1
756	1
757	0
758	0
759	0
760	1
761	1
762	0
763	0
764	0
765	0
766	0
767	0
768	1
769	1
770	1
771	1
772	1
773	0
774	1
775	0
776	1
777	0
778	0
779	0
780	1
781	1
782	1
783	1
784	0
785	1
786	0
787	1
788	1
789	1
790	1
791	1
792	1
793	1
794	0
795	1
796	1
797	1
798	1
799	0
800	1
801	0
802	0
803	0
804	1
805	1
806	1
807	1
808	1
809	1
810	1
811	1
812	1
813	0
814	1
815	0
816	1
817	1
818	1
819	0
820	0
821	1
822	1
823	1
824	1
825	1
826	1
827	1
828	1
829	0
830	1
831	1
832	1
833	1
834	1
835	0
836	1
837	1
838	0
839	0
840	1
841	1
842	1
843	0
844	0
845	1
846	1
847	1
848	1
849	1
850	0
851	1
852	1
853	1
854	0
855	0
856	1
857	1
858	1
859	0
860	0
861	1
862	1
863	1
864	0
865	0
866	0
867	1
868	1
869	0
870	0
871	1
872	1
873	1
874	0
875	0
876	1
877	1
878	1
879	1
880	1
881	0
882	0
883	1
884	0
885	1
886	1
887	0
888	1
889	1
890	0
891	1
892	1
893	1
894	1
895	1
896	1
897	1
898	1
899	1
900	1
901	1
902	0
903	0
904	1
905	0
906	1
907	1
908	1
909	0
910	1
911	1
912	1
913	1
914	1
915	1
916	0
917	1
918	1
919	0
920	1
921	1
922	1
923	1
924	1
925	1
926	1
927	1
928	1
929	1
930	1
931	1
932	1
933	1
934	1
935	1
936	1
937	1
938	1
939	0
940	1
941	0
942	1
943	1
944	1
945	1
946	0
947	0
948	1
949	1
950	1
951	1
952	1
953	1
954	1
955	1
956	0
957	0
958	1
959	0
960	1
961	1
962	1
963	0
964	1
965	1
966	1
967	0
968	0
969	1
970	0
971	1
972	1
973	1
974	1
975	1
976	1
977	0
978	1
979	1
980	1
981	1
982	1
983	1
984	1
985	0
986	1
987	1
988	1
989	1
990	0
991	0
992	1
993	1
994	0
995	1
996	0
997	1
998	0
999	1
1000	1
1001	1
1002	0
1003	1
1004	1
1005	0
1006	0
1007	0
1008	0
1009	0
1010	0
1011	0
1012	0
1013	1
1014	0
1015	1
1016	0
1017	1
1018	0
1019	0
1020	1
1021	1
1022	0
1023	0
1024	0
1025	0
1026	0
1027	0
1028	1
1029	0
1030	1
1031	0
1032	0
1033	1
1034	1
1035	0
1036	0
1037	1
1038	0
1039	0
1040	0
1041	1
1042	0
1043	1
1044	0
1045	0
1046	1
1047	0
1048	0
1049	0
1050	0
1051	0
1052	1
1053	0
1054	0
1055	0
1056	0
1057	1
1058	0
1059	0
1060	0
1061	1
1062	1
1063	0
1064	0
1065	0
1066	0
1067	1
1068	0
1069	0
1070	1
1071	0
1072	1
1073	0
1074	1
1075	0
1076	0
1077	1
1078	0
1079	0
1080	0
1081	0
1082	0
1083	0
1084	0
1085	0
1086	0
1087	0
1088	0
1089	0
1090	0
1091	0
1092	0
1093	1
1094	0
1095	0
1096	0
1097	0
1098	0
1099	0
1100	0
1101	0
1102	0
1103	1
1104	1
1105	0
1106	1
1107	1
1108	1
1109	0
1110	0
1111	1
1112	1
1113	0
1114	1
1115	1
1116	0
1117	1
1118	0
1119	1
1120	0
1121	0
1122	0
1123	0
1124	0
1125	0
1126	0
1127	1
1128	0
1129	0
1130	1
1131	0
1132	0
1133	0
1134	1
1135	1
1136	1
1137	0
1138	0
1139	1
1140	0
1141	0
1142	0
1143	0
1144	0
1145	0
1146	0
1147	0
1148	0
1149	0
1150	0
1151	0
1152	0
1153	0
1154	0
1155	0
1156	0
1157	1
1158	1
1159	0
1160	0
1161	0
1162	0
1163	0
1164	0
1165	0
1166	0
1167	0
1168	0
1169	0
1170	0
1171	1
1172	0
1173	1
1174	1
1175	0
1176	0
1177	1
1178	1
1179	0
1180	0
1181	0
1182	1
1183	1
1184	0
1185	1
1186	0
1187	0
1188	0
1189	0
1190	0
1191	0
1192	0
1193	0
1194	0
1195	0
1196	0
1197	1
1198	0
1199	1
1200	1
1201	0
1202	1
1203	0
1204	0
1205	1
1206	1
1207	0
1208	0
1209	0
1210	0
1211	0
1212	1
1213	1
1214	0
1215	0
1216	0
1217	1
1218	0
1219	0
1220	0
1221	0
1222	0
1223	0
1224	1
1225	1
1226	0
1227	0
1228	1
1229	1
1230	1
1231	0
1232	0
1233	1
1234	1
1235	0
1236	0
1237	0
1238	0
1239	0
1240	0
1241	1
1242	0
1243	0
1244	1
1245	1
1246	0
1247	0
1248	0
1249	1
1250	0
1251	1
1252	1
1253	0
1254	1
1255	0
1256	0
1257	1
1258	0
1259	0
1260	0
1261	0
1262	1
1263	0
1264	0
1265	0
1266	1
1267	0
1268	0
1269	0
1270	0
1271	1
1272	1
1273	0
1274	0
1275	0
1276	0
1277	0
1278	0
1279	1
1280	0
1281	0
1282	0
1283	0
1284	0
1285	0
1286	0
1287	1
1288	0
1289	0
1290	0
1291	1
1292	0
1293	0
1294	1
1295	0
1296	0
1297	0
1298	1
1299	0
1300	0
1301	0
1302	0
1303	0
1304	1
1305	1
1306	0
1307	0
1308	0
1309	0
1310	1
1311	0
1312	0
1313	0
1314	0
1315	1
1316	0
1317	1
1318	0
1319	0
1320	1
1321	1
1322	0
1323	0
1324	1
1325	0
1326	0
1327	1
1328	0
1329	0
1330	1
1331	0
1332	0
1333	1
1334	1
1335	0
1336	0
1337	1
1338	0
1339	0
1340	1
1341	1
1342	0
1343	0
1344	0
1345	1
1346	0
1347	0
1348	0
1349	0
1350	0
1351	0
1352	0
1353	0
1354	1
1355	1
1356	1
1357	0
1358	0
1359	0
1360	0
1361	1
1362	1
1363	1
1364	0
1365	0
1366	1
1367	1
1368	0
1369	0
1370	0
1371	0
1372	0
1373	0
1374	1
1375	0
1376	1
1377	1
1378	0
1379	0
1380	0
1381	0
1382	0
1383	0
1384	0
1385	0
1386	1
1387	0
1388	1
1389	0
1390	0
1391	0
1392	0
1393	0
1394	0
1395	0
1396	0
1397	1
1398	1
1399	0
1400	0
1401	0
1402	0
1403	0
1404	0
1405	0
1406	0
1407	1
1408	0
1409	1
1410	0
1411	0
1412	0
1413	1
1414	0
1415	0
1416	0
1417	0
1418	0
1419	0
1420	0
1421	1
1422	0
1423	0
1424	0
1425	0
1426	0
1427	0
1428	0
1429	0
1430	1
1431	0
1432	0
1433	0
1434	0
1435	0
1436	1
1437	0
1438	0
1439	0
1440	1
1441	0
1442	0
1443	0
1444	0
1445	1
1446	0
1447	1
1448	0
1449	0
1450	0
1451	1
1452	1
1453	0
1454	0
1455	1
1456	0
1457	0
1458	0
1459	0
1460	0
1461	1
1462	1
1463	0
1464	0
1465	0
1466	1
1467	0
1468	1
1469	0
1470	0
1471	1
1472	1
1473	0
1474	0
1475	0
1476	0
1477	0
1478	0
1479	0
1480	0
1481	0
1482	1
1483	0
1484	0
1485	0
1486	0
1487	0
1488	1
1489	0
1490	1
1491	0
1492	0
1493	0
1494	0
1495	0
1496	0
1497	1
1498	0
1499	0
1500	0
1501	0
1502	0
1503	0
1504	1
1505	1
1506	1
1507	1
1508	1
1509	1
1510	0
1511	0
1512	1
1513	1
1514	1
1515	1
1516	1
1517	1
1518	1
1519	1
1520	0
1521	0
1522	1
1523	1
1524	1
1525	1
1526	1
1527	1
1528	1
1529	1
1530	1
1531	1
1532	1
1533	1
1534	1
1535	1
1536	1
1537	1
1538	1
1539	1
1540	0
1541	1
1542	1
1543	1
1544	0
1545	0
1546	1
1547	1
1548	1
1549	0
1550	1
1551	1
1552	1
1553	0
1554	1
1555	1
1556	0
1557	1
1558	0
1559	1
1560	0
1561	1
1562	1
1563	0
1564	0
1565	1
1566	1
1567	1
1568	1
1569	1
1570	1
1571	0
1572	1
1573	1
1574	1
1575	1
1576	1
1577	1
1578	1
1579	1
1580	1
1581	1
1582	1
1583	1
1584	1
1585	0
1586	1
1587	1
1588	1
1589	1
1590	1
1591	1
1592	1
1593	1
1594	1
1595	0
1596	1
1597	0
1598	1
1599	0
1600	0
1601	1
1602	0
1603	1
1604	1
1605	1
1606	1
1607	0
1608	1
1609	1
1610	1
1611	1
1612	1
1613	1
1614	0
1615	1
1616	1
1617	1
1618	1
1619	0
1620	0
1621	1
1622	1
1623	1
1624	1
1625	1
1626	1
1627	1
1628	1
1629	1
1630	1
1631	0
1632	1
1633	1
1634	1
1635	1
1636	1
1637	1
1638	1
1639	1
1640	1
1641	0
1642	0
1643	1
1644	1
1645	1
1646	1
1647	1
1648	1
1649	0
1650	1
1651	1
1652	1
1653	1
1654	1
1655	0
1656	1
1657	0
1658	1
1659	1
1660	1
1661	1
1662	1
1663	1
1664	1
1665	1
1666	1
1667	1
1668	1
1669	1
1670	1
1671	1
1672	1
1673	0
1674	0
1675	1
1676	1
1677	1
1678	1
1679	1
1680	1
1681	1
1682	0
1683	1
1684	0
1685	0
1686	1
1687	1
1688	0
1689	0
1690	0
1691	0
1692	1
1693	0
1694	0
1695	1
1696	1
1697	0
1698	1
1699	1
1700	1
1701	1
1702	0
1703	1
1704	1
1705	0
1706	1
1707	1
1708	1
1709	1
1710	0
1711	1
1712	0
1713	1
1714	1
1715	1
1716	0
1717	0
1718	0
1719	0
1720	1
1721	1
1722	1
1723	0
1724	1
1725	0
1726	1
1727	0
1728	1
1729	0
1730	0
1731	1
1732	1
1733	1
1734	1
1735	0
1736	1
1737	0
1738	0
1739	0
1740	1
1741	1
1742	0
1743	1
1744	0
1745	1
1746	1
1747	1
1748	0
1749	1
1750	1
1751	1
1752	1
1753	0
1754	1
1755	0
1756	1
1757	1
1758	0
1759	0
1760	0
1761	1
1762	1
1763	1
1764	1
1765	0
1766	0
1767	1
1768	0
1769	1
1770	1
1771	1
1772	1
1773	0
1774	0
1775	1
1776	1
1777	0
1778	1
1779	1
1780	1
1781	1
1782	1
1783	0
1784	1
1785	1
1786	1
1787	0
1788	1
1789	1
1790	1
1791	1
1792	0
1793	1
1794	1
1795	1
1796	1
1797	1
1798	1
1799	1
1800	1
1801	0
1802	1
1803	1
1804	1
1805	0
1806	1
1807	1
1808	1
1809	1
1810	1
1811	0
1812	1
1813	0
1814	1
1815	1
1816	0
1817	1
1818	1
1819	1
1820	1
1821	1
1822	1
1823	0
1824	0
1825	1
1826	1
1827	0
1828	1
1829	1
1830	1
1831	0
1832	1
1833	1
1834	1
1835	0
1836	1
1837	1
1838	1
1839	1
1840	1
1841	1
1842	1
1843	1
1844	0
1845	0
1846	0
1847	0
1848	1
1849	1
1850	0
1851	1
1852	0
1853	0
1854	1
1855	1
1856	1
1857	1
1858	1
1859	0
1860	1
1861	1
1862	1
1863	1
1864	1
1865	0
1866	1
1867	1
1868	1
1869	1
1870	1
1871	1
1872	1
1873	1
1874	0
1875	1
1876	1
1877	1
1878	0
1879	1
1880	1
1881	0
1882	1
1883	1
1884	1
1885	1
1886	1
1887	0
1888	1
1889	0
1890	1
1891	0
1892	0
1893	1
1894	1
1895	1
1896	1
1897	1
1898	1
1899	1
1900	1
1901	1
1902	1
1903	1
1904	1
1905	1
1906	0
1907	1
1908	0
1909	0
1910	1
1911	1
1912	1
1913	1
1914	0
1915	0
1916	1
1917	0
1918	1
1919	0
1920	0
1921	1
1922	1
1923	1
1924	1
1925	1
1926	1
1927	1
1928	1
1929	0
1930	1
1931	1
1932	0
1933	0
1934	0
1935	1
1936	0
1937	1
1938	1
1939	0
1940	0
1941	1
1942	1
1943	1
1944	1
1945	1
1946	1
1947	1
1948	1
1949	1
1950	0
1951	1
1952	1
1953	1
1954	1
1955	1
1956	1
1957	0
1958	1
1959	0
1960	0
1961	0
1962	0
1963	1
1964	1
1965	1
1966	0
1967	1
1968	1
1969	1
1970	1
1971	1
1972	1
1973	1
1974	0
1975	1
1976	1
1977	1
1978	1
1979	0
1980	1
1981	1
1982	1
1983	0
1984	1
1985	0
1986	1
1987	1
1988	1
1989	0
1990	1
1991	1
1992	0
1993	0
1994	0
1995	1
1996	1
1997	1
1998	1
1999	1
2000	0
2001	1
2002	1
2003	1
2004	0
2005	0
2006	1
2007	1
2008	0
2009	1
2010	1
2011	1
2012	1
2013	1
2014	0
2015	1
2016	1
2017	1
2018	0
2019	1
2020	1
2021	1
2022	0
2023	0
2024	0
2025	1
2026	0
2027	0
2028	1
2029	1
2030	1
2031	0
2032	1
2033	0
2034	1
2035	1
2036	0
2037	0
2038	1
2039	1
2040	1
2041	0
2042	1
2043	0
2044	1
2045	1
2046	1
2047	1
2048	1
2049	0
2050	1
2051	1
2052	0
2053	1
2054	1
2055	1
2056	1
2057	1
2058	1
2059	0
2060	0
2061	0
2062	1
2063	0
2064	1
2065	1
2066	0
2067	0
2068	1
2069	1
2070	1
2071	1
2072	1
2073	1
2074	0
2075	0
2076	0
2077	1
2078	1
2079	1
2080	1
2081	1
2082	0
2083	0
2084	1
2085	1
2086	0
2087	0
2088	1
2089	0
2090	1
2091	0
2092	1
2093	1
2094	1
2095	1
2096	1
2097	0
2098	1
2099	1
2100	1
2101	1
2102	1
2103	1
2104	1
2105	0
2106	1
2107	1
2108	1
2109	0
2110	1
2111	1
2112	1
2113	0
2114	0
2115	0
2116	1
2117	0
2118	1
2119	1
2120	1
2121	0
2122	1
2123	1
2124	1
2125	1
2126	1
2127	0
2128	1
2129	1
2130	0
2131	1
2132	1
2133	1
2134	0
2135	1
2136	1
2137	1
2138	1
2139	1
2140	1
2141	1
2142	1
2143	1
2144	1
2145	1
2146	1
2147	1
2148	1
2149	1
2150	1
2151	1
2152	1
2153	0
2154	0
2155	1
2156	0
2157	0
2158	1
2159	1
2160	1
2161	1
2162	1
2163	1
2164	0
2165	0
2166	1
2167	0
2168	1
2169	0
2170	1
2171	0
2172	0
2173	0
2174	0
2175	1
2176	1
2177	1
2178	0
2179	1
2180	1
2181	0
2182	0
2183	1
2184	0
2185	1
2186	1
2187	1
2188	1
2189	0
2190	1
2191	0
2192	0
2193	0
2194	1
2195	1
2196	1
2197	1
2198	1
2199	1
2200	1
2201	0
2202	0
2203	1
2204	0
2205	0
2206	0
2207	1
2208	0
2209	1
2210	1
2211	0
2212	1
2213	1
2214	0
2215	0
2216	1
2217	1
2218	1
2219	0
2220	0
2221	0
2222	1
2223	1
2224	1
2225	1
2226	1
2227	1
2228	1
2229	0
2230	1
2231	1
2232	0
2233	1
2234	0
2235	0
2236	1
2237	1
2238	1
2239	1
2240	0
2241	0
2242	1
2243	0
2244	1
2245	1
2246	0
2247	0
2248	1
2249	0
2250	1
2251	0
2252	1
2253	1
2254	0
2255	0
2256	1
2257	1
2258	1
2259	0
2260	0
2261	0
2262	1
2263	0
2264	0
2265	0
2266	1
2267	1
2268	1
2269	0
2270	1
2271	1
2272	1
2273	1
2274	1
2275	0
2276	0
2277	0
2278	1
2279	1
2280	0
2281	1
2282	1
2283	1
2284	1
2285	0
2286	0
2287	0
2288	0
2289	0
2290	0
2291	1
2292	1
2293	1
2294	0
2295	1
2296	0
2297	1
2298	1
2299	1
2300	1
2301	1
2302	1
2303	0
2304	1
2305	1
2306	1
2307	1
2308	1
2309	1
2310	1
2311	1
2312	1
2313	1
2314	1
2315	0
2316	1
2317	0
2318	1
2319	1
2320	1
2321	1
2322	0
2323	1
2324	1
2325	1
2326	0
2327	1
2328	1
2329	1
2330	1
2331	0
2332	1
2333	1
2334	1
2335	1
2336	1
2337	1
2338	0
2339	1
2340	0
2341	1
2342	1
2343	1
2344	1
2345	1
2346	1
2347	1
2348	1
2349	0
2350	1
2351	1
2352	0
2353	0
2354	1
2355	1
2356	0
2357	0
2358	1
2359	1
2360	0
2361	1
2362	0
2363	0
2364	1
2365	1
2366	1
2367	0
2368	0
2369	0
2370	1
2371	1
2372	0
2373	1
2374	1
2375	1
2376	0
2377	0
2378	1
2379	1
2380	1
2381	1
2382	1
2383	0
2384	0
2385	1
2386	1
2387	1
2388	1
2389	0
2390	1
2391	1
2392	0
2393	1
2394	1
2395	1
2396	1
2397	1
2398	1
2399	1
2400	1
2401	1
2402	0
2403	1
2404	0
2405	0
2406	1
2407	1
2408	1
2409	1
2410	1
2411	0
2412	1
2413	1
2414	0
2415	0
2416	1
2417	1
2418	0
2419	1
2420	1
2421	0
2422	1
2423	1
2424	1
2425	1
2426	1
2427	1
2428	1
2429	1
2430	1
2431	1
2432	0
2433	0
2434	1
2435	1
2436	1
2437	1
2438	1
2439	1
2440	1
2441	0
2442	1
2443	1
2444	1
2445	1
2446	1
2447	1
2448	0
2449	1
2450	1
2451	1
2452	0
2453	1
2454	1
2455	1
2456	1
2457	1
2458	0
2459	0
2460	1
2461	0
2462	1
2463	0
2464	1
2465	0
2466	1
2467	1
2468	1
2469	0
2470	0
2471	1
2472	1
2473	1
2474	1
2475	1
2476	1
2477	1
2478	1
2479	0
2480	1
2481	1
2482	1
2483	1
2484	1
2485	0
2486	1
2487	0
2488	1
2489	1
2490	1
2491	1
2492	0
2493	1
2494	1
2495	1
2496	0
2497	1
2498	0
2499	1
2500	0
2501	1
2502	1
2503	1
2504	0
2505	0
2506	1
2507	0
2508	0
2509	0
2510	0
2511	0
2512	0
2513	0
2514	0
2515	1
2516	0
2517	1
2518	0
2519	0
2520	0
2521	0
2522	1
2523	1
2524	0
2525	1
2526	0
2527	0
2528	0
2529	0
2530	1
2531	0
2532	1
2533	0
2534	0
2535	1
2536	1
2537	0
2538	0
2539	1
2540	0
2541	1
2542	1
2543	1
2544	0
2545	1
2546	0
2547	0
2548	1
2549	0
2550	0
2551	0
2552	1
2553	0
2554	1
2555	0
2556	1
2557	0
2558	0
2559	1
2560	0
2561	0
2562	0
2563	0
2564	1
2565	0
2566	0
2567	1
2568	0
2569	0
2570	0
2571	0
2572	0
2573	0
2574	0
2575	0
2576	1
2577	1
2578	0
2579	1
2580	0
2581	1
2582	0
2583	0
2584	0
2585	0
2586	0
2587	0
2588	0
2589	0
2590	0
2591	0
2592	1
2593	0
2594	0
2595	1
2596	0
2597	0
2598	1
2599	0
2600	0
2601	1
2602	0
2603	1
2604	0
2605	0
2606	0
2607	0
2608	1
2609	0
2610	0
2611	0
2612	0
2613	1
2614	1
2615	0
2616	1
2617	0
2618	0
2619	0
2620	0
2621	1
2622	0
2623	0
2624	0
2625	0
2626	0
2627	0
2628	0
2629	1
2630	0
2631	0
2632	1
2633	0
2634	0
2635	0
2636	1
2637	0
2638	1
2639	0
2640	0
2641	0
2642	0
2643	0
2644	0
2645	0
2646	0
2647	0
2648	0
2649	0
2650	0
2651	0
2652	0
2653	0
2654	0
2655	1
2656	0
2657	0
2658	0
2659	1
2660	1
2661	1
2662	1
2663	0
2664	0
2665	0
2666	0
2667	0
2668	0
2669	0
2670	0
2671	0
2672	0
2673	0
2674	0
2675	1
2676	0
2677	0
2678	0
2679	1
2680	0
2681	0
2682	0
2683	0
2684	1
2685	0
2686	0
2687	0
2688	0
2689	0
2690	0
2691	0
2692	1
2693	0
2694	0
2695	1
2696	0
2697	0
2698	0
2699	1
2700	0
2701	0
2702	1
2703	0
2704	1
2705	0
2706	0
2707	1
2708	0
2709	0
2710	0
2711	0
2712	0
2713	0
2714	1
2715	1
2716	0
2717	0
2718	0
2719	1
2720	0
2721	0
2722	0
2723	0
2724	0
2725	0
2726	0
2727	0
2728	0
2729	0
2730	0
2731	1
2732	0
2733	0
2734	0
2735	0
2736	1
2737	0
2738	0
2739	0
2740	0
2741	0
2742	0
2743	0
2744	0
2745	0
2746	0
2747	1
2748	1
2749	0
2750	0
2751	1
2752	1
2753	0
2754	1
2755	0
2756	1
2757	0
2758	0
2759	0
2760	0
2761	0
2762	0
2763	0
2764	1
2765	0
2766	0
2767	0
2768	1
2769	0
2770	0
2771	0
2772	0
2773	0
2774	1
2775	0
2776	0
2777	0
2778	0
2779	0
2780	0
2781	1
2782	0
2783	0
2784	0
2785	0
2786	0
2787	0
2788	0
2789	1
2790	1
2791	0
2792	0
2793	1
2794	0
2795	0
2796	0
2797	0
2798	0
2799	0
2800	0
2801	0
2802	0
2803	0
2804	0
2805	0
2806	1
2807	0
2808	0
2809	0
2810	0
2811	0
2812	1
2813	0
2814	0
2815	0
2816	0
2817	1
2818	0
2819	1
2820	0
2821	0
2822	1
2823	1
2824	0
2825	0
2826	1
2827	1
2828	0
2829	1
2830	1
2831	0
2832	0
2833	0
2834	0
2835	1
2836	1
2837	0
2838	0
2839	1
2840	0
2841	0
2842	1
2843	0
2844	0
2845	0
2846	0
2847	1
2848	0
2849	0
2850	0
2851	0
2852	0
2853	0
2854	0
2855	0
2856	1
2857	1
2858	1
2859	0
2860	0
2861	0
2862	0
2863	0
2864	1
2865	0
2866	0
2867	0
2868	1
2869	1
2870	0
2871	0
2872	0
2873	0
2874	0
2875	0
2876	0
2877	1
2878	0
2879	0
2880	0
2881	0
2882	1
2883	0
2884	0
2885	0
2886	0
2887	1
2888	1
2889	1
2890	1
2891	0
2892	1
2893	0
2894	0
2895	0
2896	0
2897	0
2898	0
2899	1
2900	1
2901	0
2902	0
2903	0
2904	0
2905	0
2906	0
2907	0
2908	0
2909	1
2910	1
2911	1
2912	0
2913	0
2914	1
2915	0
2916	0
2917	1
2918	0
2919	0
2920	0
2921	0
2922	0
2923	1
2924	0
2925	0
2926	0
2927	0
2928	0
2929	1
2930	1
2931	1
2932	1
2933	0
2934	0
2935	0
2936	0
2937	0
2938	1
2939	0
2940	0
2941	0
2942	1
2943	0
2944	0
2945	1
2946	1
2947	0
2948	1
2949	0
2950	0
2951	1
2952	0
2953	1
2954	1
2955	0
2956	0
2957	1
2958	0
2959	0
2960	0
2961	0
2962	0
2963	1
2964	1
2965	0
2966	0
2967	1
2968	1
2969	0
2970	1
2971	0
2972	0
2973	0
2974	1
2975	0
2976	0
2977	0
2978	0
2979	0
2980	0
2981	0
2982	0
2983	0
2984	1
2985	1
2986	0
2987	0
2988	1
2989	0
2990	1
2991	0
2992	0
2993	0
2994	0
2995	0
2996	0
2997	1
2998	1
2999	0
3000	0
3001	0
3002	0
3003	0
